"Visal","Khmer","2025-01-06","Phnom Penh","870001"
"Piseth","Khmer","2025-01-07","Siem Reap","870002"
"Kosal","Khmer","2025-01-08","Battambang","870003"
"Sovann","Khmer","2025-01-09","Kampong Cham","870004"
"Vannak","Khmer","2025-01-10","Kampong Thom","870005"
"Ravy","Khmer","2025-01-11","Takeo","870006"
"Borey","Khmer","2025-01-12","Kandal","870007"
"Sokhom","Khmer","2025-01-13","Preah Sihanouk","870008"
"Makara","Khmer","2025-01-14","Svay Rieng","870009"
"Chanthy","Khmer","2025-01-15","Kratie","870010"
"Sina","Khmer","2025-01-16","Ratanakiri","870011"
"Dalin","Khmer","2025-01-17","Mondulkiri","870012"
"Nita","Khmer","2025-01-18","Kep","870013"
"Sreypov","Khmer","2025-01-19","Tboung Khmum","870014"
"Kanika","Khmer","2025-01-20","Pursat","870015"
"Theary","Khmer","2025-01-21","Kampong Speu","870016"
"Pisey","Khmer","2025-01-22","Takeo","870017"
"Sokun","Khmer","2025-01-23","Prey Veng","870018"
"Mony","Khmer","2025-01-24","Banteay Meanchey","870019"
"Sokleap","Khmer","2025-01-25","Kampot","870020"
"Rasmey","Khmer","2025-01-26","Koh Kong","870021"
"Vicheka","Khmer","2025-01-27","Pailin","870022"
"Chetra","Khmer","2025-01-28","Odor Meanchey","870023"
"Kanha","Khmer","2025-01-29","Sihanoukville","870024"
"Chhay","Khmer","2025-01-30","Stung Treng","870025"
